<?xml version="1.0" encoding="UTF-8"?>
<project-private xmlns="http://www.netbeans.org/ns/project-private/1">
    <editor-bookmarks xmlns="http://www.netbeans.org/ns/editor-bookmarks/2" lastBookmarkId="0"/>
    <open-files xmlns="http://www.netbeans.org/ns/projectui-open-files/2">
        <group>
            <file>file:/E:/Term%202/PRO192/code/Slot7B1/src/slot7b1/Cylinder.java</file>
            <file>file:/E:/Term%202/PRO192/code/Slot7B1/src/slot7b1/Slot7B1.java</file>
            <file>file:/E:/Term%202/PRO192/code/Slot7B1/src/slot7b1/Circle.java</file>
        </group>
    </open-files>
</project-private>
